{
    "description" : "standard earth model AK135Q down to 1000 km",
    "type" : "nm",
    "reference_frequency_hz" : 1.0,
    "anisotropic" : false,
    "earth_radius" : 6371.0,
    "full_space" : 0,
    "equidistant_nodes" : 0,
    "num_layers" : 6,
    "num_nodes" : 44,
    "layer_inner_core" : -1,
    "layer_outer_core" : -1,
    "radius_inner_core" : -9999.0,
    "radius_outer_core" : -9999.0,
    "radius_upper_layer_boundary_km" : [5371.0, 5711.0, 5961.0, 6341.0, 6351.0, 6371.0],
    "isfluid" : [0, 0, 0, 0, 0, 0],
    "index_upper_boundary" : [1, 9, 18, 40, 42, 44],
    "units" : {"depth" : "m", "density" : "g/cm3", "velocity" : "km/s"},
    "node_properties" : {
	"layer_index" : [
	    1,2,2,2,2,2,2,2,2,3,3,3,3,3,3,3,3,3,4,4,4,4,4,4,4,4,4,4,4,4,4,4,4,4,4,4,4,4,4,4,5,5,5,5,6,6,6,6,6
	],
	"depth" : [
	    1000000.0,
	    1000000.0,
	    940000.0,
	    880000.0,
	    820000.0,
	    760000.0,
	    720000.0,
	    690000.0,
	    660000.0,
	    660000.0,
	    625000.0,
	    595000.0,
	    565000.0,
	    535000.0,
	    505000.0,
	    475000.0,
	    445000.0,
	    410000.0,
	    410000.0,
	    375000.0,
	    345000.0,
	    315000.0,
	    285000.0,
	    255000.0,
	    225000.0,
	    195000.0,
	    165000.0,
	    135000.0,
	    105000.0,
	    80000.0,
	    75000.0,
	    70000.0,
	    65000.0,
	    60000.0,
	    55000.0,
	    50000.0,
	    45000.0,
	    40000.0,
	    35000.0,
	    30000.0,
	    30000.0,
	    20000.0,
	    20000.0,
	    0.0
	],
	"density" : [
	    4.56839085,
	    4.56839085,
	    4.53442764,
	    4.50043201,
	    4.46641588,
	    4.4323926, 
	    4.4071126, 
	    4.3892746, 
	    4.3744092, 
	    4.0586772, 
	    4.02159262,
	    3.98450828,
	    3.9474237, 
	    3.91033936,
	    3.87325501,
	    3.83617043,
	    3.79908609,
	    3.76200151,
	    3.5439744, 
	    3.52578378,
	    3.50759315,
	    3.48940229,
	    3.47121167,
	    3.45302105,
	    3.43483019,
	    3.41632152,
	    3.39822578,
	    3.38013029,
	    3.36204028,
	    3.3470068, 
	    3.3440001, 
	    3.3409934, 
	    3.33798695,
	    3.33498025,
	    3.33197355,
	    3.32896686,
	    3.32596016,
	    3.32295346,
	    3.31994677,
	    3.31994677,
	    2.92000008,
	    2.92000008,
	    2.72000003,
	    2.72000003
	],
	"P-velocity" : [
	    11.4482899, 
	    11.4482899, 
	    11.3543568, 
	    11.2588434, 
	    11.1617146, 
	    11.0629368, 
	    10.950058,  
	    10.8707304, 
	    10.8046246, 
	    10.1834621, 
	    10.0825958, 
	     9.98172951,
	     9.88086319,
	     9.77999592,
	     9.6791296, 
	     9.57826328,
	     9.47739697,
	     9.37653065,
	     9.01166439,
	     8.90219116,
	     8.79271698,
	     8.68324375,
	     8.57376957,
	     8.46429634,
	     8.35482216,
	     8.25763988,
	     8.17462444,
	     8.091609,  
	     8.04812431,
	     8.04528809,
	     8.04472065,
	     8.04415321,
	     8.04358578,
	     8.04301834,
	     8.0424509, 
	     8.04188347,
	     8.04131603,
	     8.04074955,
	     8.04018211,
	     8.04018211,
	     6.5,       
	     6.5,       
	     5.80000019,
	     5.80000019
	],
	"S-velocity" : [
	    6.37497425,
	    6.37497425,
	    6.33566189,
	    6.29553843,
	    6.25458527,
	    6.21278477,
	    6.1107235, 
	    6.03698349,
	    5.97553396,
	    5.59955597,
	    5.53591585,
	    5.47227573,
	    5.40863562,
	    5.3449955, 
	    5.28135538,
	    5.21771526,
	    5.15407515,
	    5.09043503,
	    4.86115885,
	    4.80906677,
	    4.75697422,
	    4.70488167,
	    4.65278912,
	    4.60069656,
	    4.54860401,
	    4.51479387,
	    4.50889063,
	    4.50298691,
	    4.49646139,
	    4.49058723,
	    4.48941231,
	    4.48823738,
	    4.48706245,
	    4.485888,  
	    4.48471308,
	    4.48353815,
	    4.48236322,
	    4.48118877,
	    4.48001385,
	    4.48001385,
	    3.8499999, 
	    3.8499999, 
	    3.46000004,
	    3.46000004
	],
	"Qkappa" : [
	    16600.0,
	    16600.0,
	    16600.0,
	    16600.0,
	    16600.0,
	    16600.0,
	    16600.0,
	    16600.0,
	    16600.0,
	    13850.0,
	    13850.0,
	    13850.0,
	    13850.0,
	    13850.0,
	    13850.0,
	    13850.0,
	    13850.0,
	    13850.0,
	     5895.0,
	     5895.0,
	     5895.0,
	     5895.0,
	     5895.0,
	     5895.0,
	     5895.0,
	     5895.0,
	     5895.0,
	     5895.0,
	     5895.0,
	     5895.0,
	     5895.0,
	     5895.0,
	     5895.0,
	     5895.0,
	     5895.0,
	     5895.0,
	     5895.0,
	     5895.0,
	     5895.0,
	     5895.0,
	    13850.0,
	    13850.0,
	    13850.0,
	    13850.0
	],
	"Qmu" : [
	    332.0,
	    332.0,
	    332.0,
	    332.0,
	    332.0,
	    332.0,
	    332.0,
	    332.0,
	    332.0,
	    277.0,
	    277.0,
	    277.0,
	    277.0,
	    277.0,
	    277.0,
	    277.0,
	    277.0,
	    277.0,
	    118.0,
	    118.0,
	    118.0,
	    118.0,
	    118.0,
	    118.0,
	    118.0,
	    118.0,
	    118.0,
	    118.0,
	    118.0,
	    118.0,
	    118.0,
	    118.0,
	    118.0,
	    118.0,
	    118.0,
	    118.0,
	    118.0,
	    118.0,
	    118.0,
	    118.0,
	    277.0,
	    277.0,
	    332.0,
	    332.0
	]
    }
}
